,run,orbSize,simTicks,hostSeconds,numPackets,avgReadLatency,avgWriteLatency,readBW,writeBW,numHits,numMisses,numRdHits,numWrHits,numRdMisses,numWrMisses,numColdMisses,numHotMisses,numWrBacks,totNumConf,totNumConfBufFull,timeInDramRead,timeInDramWrite,timeInWaitingToIssueNvmRead,timeInNvmRead,timeInNvmWrite,drRdQingTime,drWrQingTime,nvmRdQingTime,nvmWrQingTime,drRdDevTime,drWrDevTime,nvRdDevTime,nvWrDevTime,totNumPktsDrRd,totNumPktsDrWr,totNumPktsNvmRdWait,totNumPktsNvmRd,totNumPktsNvmWr,maxNumConf,maxDrRdEvQ,maxDrRdRespEvQ,maxDrWrEvQ,maxNvRdIssEvQ,maxNvRdEvQ,maxNvRdRespEvQ,maxNvWrEvQ,dram.avgRdBW,dram.avgWrBW,dram.peakBW,dram.busUtil,dram.busUtilRead,dram.busUtilWrite,nvm.avgRdBW,nvm.avgWrBW,nvm.peakBW,nvm.busUtil,nvm.busUtilRead,nvm.busUtilWrite,dram.avgBusLat,nvm.avgBusLat,totBW,ARL,AWL,totBusUtil%,avgDramRdQingTime,avgDramWrQingTime,avgNvmRdQingTime,avgNvmWrQingTime,missRatio,HitRatio
0,ddr4 12 R RO Hit,1,1000000021334,65.55,21284400,113877.239572,nan,1362201442.938795,0,21022255,262144,21022255,0,262144,0,262144,0,0,65,0,954215615318,4686086288,39316200000,4585684992,0,581908908010,100663440,39316462144,0,372306707308,4585422848,4585422848,0,21284399,262144,262108,262108,0,1,1,1,1,1,1,1,0,1362.201571,16.777216,19207.00,7.18,7.09,0.09,16.78,0.00,19207.00,0.09,0.09,0.00,3332.00,3332.00,1.3622014429387952,113.87723957200001,,7.27,27.33969176249703,0.38400054931640626,150.00100013734797,,1.2316250399353517,98.76837026178798
1,ddr4 12 R RO Hit,2,1000000004631,127.02,41055011,93036.169937,nan,2627520435.831953,0,40792865,262144,40792865,0,262144,0,262144,0,0,311,0,1952090014180,6945885004,39925898859,6474506309,0,1233955796752,2360462156,41814982320,0,718134217428,4585422848,4585422848,0,41055009,262144,262108,262108,0,1,2,2,2,1,2,2,0,2627.520692,16.777216,19207.00,13.77,13.68,0.09,16.78,0.00,19207.00,0.09,0.09,0.00,3332.00,3332.00,2.627520435831953,93.036169937,,13.86,30.05615701489677,9.004448532104492,159.53340729775513,,0.6385188887173846,99.3614762397701
2,ddr4 12 R RO Hit,4,1000000002003,248.79,74768731,86750.348819,nan,4785198326.415248,0,74506583,262144,74506583,0,262144,0,262144,0,0,1116,0,3941768869551,8666476634,41075058206,8041885164,0,2633914296867,4081053786,44531520522,0,1307854572684,4585422848,4585422848,0,74768727,262144,262110,262110,0,1,4,4,4,3,4,4,0,4785.198774,16.777216,19207.00,25.00,24.91,0.09,16.78,0.00,19207.00,0.09,0.09,0.00,3332.00,3332.00,4.785198326415248,86.75034881900001,,25.09,35.227486177034955,15.567984718322753,169.8963050703903,,0.35060645873473495,99.64938819143526
3,ddr4 12 R RO Hit,8,1000000019594,466.78,122794171,93127.230601,nan,7858826214.014159,0,122532019,262144,122532019,0,262144,0,262144,0,0,3720,0,7925576838242,10381730015,43093385130,10889432972,0,5777661339046,5796307167,49397395254,0,2147915499196,4585422848,4585422848,0,122794163,262144,262115,262115,0,2,8,8,8,7,8,6,0,7858.826342,16.777216,19207.00,41.00,40.92,0.09,16.78,0.00,19207.00,0.09,0.09,0.00,3332.00,3332.00,7.858826214014159,93.12723060100001,,41.09,47.051595921916906,22.11115710067749,188.45695688533658,,0.21348244616595033,99.78651103886682
4,ddr4 12 R RO Hit,16,1000000004563,948.34,221957611,98512.353043,nan,14205285759.181282,0,221695451,262144,221695451,0,262144,0,262144,0,0,13544,7,15860495649541,11816358470,47021459272,15270301537,0,11978013397801,7230935622,57706337961,0,3882482251740,4585422848,4585422848,0,221957595,262144,262120,262120,0,32,16,14,14,12,16,10,0,14205.286719,16.777216,19207.00,74.05,73.96,0.09,16.78,0.00,19207.00,0.09,0.09,0.00,3332.00,3332.00,14.205285759181281,98.51235304299999,,74.14,53.965323411442625,27.58383034515381,220.1523651800702,,0.11810543410471291,99.88188735731165
5,ddr4 12 R RO Hit,32,1000000003007,1282.93,269897109,142022.629104,nan,17273412492.058849,0,269634933,262144,269634933,0,262144,0,262144,0,0,32957,46,31763677330175,12099416007,53181307000,20156735177,0,27042637659291,7513993159,68752619329,0,4721039670884,4585422848,4585422848,0,269897077,262144,262124,262124,0,32,32,14,25,12,32,14,0,17273.413644,16.777216,19207.00,90.02,89.93,0.09,16.78,0.00,19207.00,0.09,0.09,0.00,3332.00,3332.00,17.27341249205885,142.022629104,,90.11,100.19611164329505,28.663609157562256,262.2904401313882,,0.09712738345781985,99.90286076017213
6,ddr4 12 R RO Hit,64,1000000002255,1525.80,277766109,254063.496182,nan,17777026455.912807,0,277503901,262144,277503901,0,262144,0,262144,0,0,68206,321,63540948635065,12040529544,61788157126,20842592814,0,58682264975925,7455106696,78045327092,0,4858683659140,4585422848,4585422848,0,277766045,262144,262130,262130,0,32,64,14,41,12,51,14,0,17777.027672,16.777216,19207.00,92.64,92.55,0.09,16.78,0.00,19207.00,0.09,0.09,0.00,3332.00,3332.00,17.777026455912807,254.063496182,,92.73,211.26507732766618,28.43897512817383,297.73519662762754,,0.09437580450104516,99.90560115453106
7,ddr4 12 R RO Hit,128,1000000002430,1882.06,284093266,472217.618143,nan,18181960339.817837,0,283830994,262144,283830994,0,262144,0,262144,0,0,142712,3718,127175853417174,12052885858,63244647327,22245048084,0,122206496247278,7467463010,80904272563,0,4969357169896,4585422848,4585422848,0,284093138,262144,262134,262134,0,32,128,14,76,13,58,14,0,18181.961620,16.777216,19207.00,94.75,94.66,0.09,16.78,0.00,19207.00,0.09,0.09,0.00,3332.00,3332.00,18.181960339817838,472.217618143,,94.84,430.1634918309009,28.48611072540283,308.63708089374137,,0.09227392246601157,99.90768102190778
8,ddr4 12 R RO Hit,256,1000000001365,2633.37,285351010,918091.933948,nan,18262447783.071762,0,285088610,262144,285088610,0,262144,0,262144,0,0,314528,35616,254550907803944,12042161762,63942226682,22280668393,0,249559552414976,7456738914,81637472227,0,4991355388968,4585422848,4585422848,0,285350754,262144,262136,262136,0,32,256,14,142,13,64,14,0,18262.449063,16.777216,19207.00,95.17,95.08,0.09,16.78,0.00,19207.00,0.09,0.09,0.00,3332.00,3332.00,18.262447783071764,918.0919339479999,,95.26,874.5712037437826,28.44520154571533,311.43174621951965,,0.09186720593699668,99.9080430799947
9,ddr4 12 R RO Hit,512,1000000001411,3827.34,285640517,1810486.077321,nan,18280959846.205566,0,285377861,262144,285377861,0,262144,0,262144,0,0,646854,89052,509457294380311,12031254444,64827171324,21965948372,0,504460879412851,7445831596,82207696848,0,4996414967460,4585422848,4585422848,0,285640005,262144,262134,262134,0,32,512,14,270,57,64,14,0,18280.961126,16.777216,19207.00,95.27,95.18,0.09,16.78,0.00,19207.00,0.09,0.09,0.00,3332.00,3332.00,18.280959846205565,1810.486077321,,95.36,1766.0722258174271,28.40359342956543,313.60943963011283,,0.09177409519952662,99.90804665852079
10,ddr4 12 R RO Hit,1024,1000000001317,6576.51,285743044,3607472.189487,nan,18287488359.915375,0,285479869,262144,285479869,0,262144,0,262144,0,0,1435185,321324,1020946542705812,12030497903,64921249599,21735432840,0,1015948343414416,7445075055,82071259591,0,4998199291396,4585422848,4585422848,0,285742013,262144,262125,262125,0,32,1024,14,270,63,64,14,0,18287.489640,16.777216,19207.00,95.30,95.21,0.09,16.78,0.00,19207.00,0.09,0.09,0.00,3332.00,3332.00,18.287488359915375,3607.472189487,,95.39,3555.474159182941,28.400707454681395,313.09970277920837,,0.09174116588468904,99.90789802043265
11,ddr4 12 R RO Miss,1,1000000037146,22.73,5119156,404202.517583,nan,327625843.830010,0,607751,4511404,607751,0,4511404,0,262144,4249261,0,15,0,211176425598,80683946048,676694850000,78917990172,0,121632166338,1770467280,676699361404,0,89544259260,78913478768,78913478768,0,5119155,4511404,4511299,4511299,0,1,1,1,1,1,1,1,0,327.625972,288.729845,19207.00,3.21,1.71,1.50,288.73,0.00,19207.00,1.50,1.50,0.00,3332.00,3332.00,0.32762584383001,404.20251758300003,,4.71,23.76020384965878,0.39244263648301064,150.00100002327488,,88.12788670632425,11.872093759205619
12,ddr4 12 R RO Miss,2,1000000115260,44.93,9842858,320679.596968,nan,629942647.392810,0,1198180,8644676,1198180,0,8644676,0,262144,8382534,0,64,0,442659781816,177738881468,1322529288240,194348019810,0,270488544664,26526208876,1365664635458,0,172171237152,151212672592,151212672592,0,9842856,8644676,8644471,8644471,0,1,2,2,2,1,2,2,0,629.942839,553.259200,19207.00,6.16,3.28,2.88,553.26,0.00,19207.00,2.88,2.88,0.00,3332.00,3332.00,0.62994264739281,320.679596968,,9.04,27.48069713343363,3.068502379499243,157.98128485340516,,87.82688930389934,12.173090376799097
13,ddr4 12 R RO Miss,4,1000000095525,83.05,16680427,297942.180349,nan,1067546906.022582,0,2052484,14627940,2052484,0,14627940,0,262144,14365799,0,218,0,933827726143,380546463101,2328776058179,380099766175,0,642053749535,124674536621,2453003897874,0,291773976608,255871926480,255871926480,0,16680424,14627940,14627627,14627627,0,1,4,4,4,3,4,4,0,1067.547226,936.188071,19207.00,10.43,5.56,4.87,936.19,0.00,19207.00,4.87,4.87,0.00,3332.00,3332.00,1.067546906022582,297.94218034899995,,15.3,38.491452587476196,8.523041290913143,167.6966399180127,,87.69523705837986,12.30474495646904
14,ddr4 12 R RO Miss,8,1000000128986,147.97,25720767,315666.357787,nan,1646128491.672470,0,3182005,22538755,3182005,0,22538755,0,262144,22276618,0,699,0,1983779388430,737044863936,3827472790612,806714725171,0,1533871854510,342796961476,4239939613323,0,449907533920,394247902460,394247902460,0,25720760,22538755,22538289,22538289,0,1,8,8,8,7,8,7,0,1646.128812,1442.480134,19207.00,16.08,8.57,7.51,1442.48,0.00,19207.00,7.51,7.51,0.00,3332.00,3332.00,1.64612849167247,315.66635778700004,,23.589999999999996,59.63555721176202,15.2092234675784,188.12162774747452,,87.62862709342998,12.37134569120742
15,ddr4 12 R RO Miss,16,1000000133529,257.88,37309778,387618.613472,nan,2387824641.156163,0,4631191,32678571,4631191,0,32678571,0,262144,32416443,0,2171,0,4689054687616,1312360832239,6187999670555,1855863661650,0,4036432330712,740747268307,7472249768273,0,652622356904,571613563932,571613563932,0,37309762,32678571,32678005,32678005,0,2,16,14,15,13,16,12,0,2387.825473,2091.428265,19207.00,23.32,12.43,10.89,2091.43,0.00,19207.00,10.89,10.89,0.00,3332.00,3332.00,2.387824641156163,387.618613472,,34.21,108.18702972996718,22.667676267331274,228.6629727938716,,87.58714940624948,12.412807709550028
16,ddr4 12 R RO Miss,32,1000000112423,421.39,55046159,482120.748906,nan,3522952051.939161,0,6846490,48199637,6846490,0,48199637,0,262144,47937524,0,6728,0,9753806981852,2098759019250,10649570772198,4045832405226,0,8790940128368,1255650968846,13852295127020,0,962866853484,843108050404,843108050404,0,55046127,48199637,48199064,48199064,0,2,32,14,29,13,32,14,0,3522.953332,3084.776421,19207.00,34.40,18.34,16.06,3084.78,0.00,19207.00,16.06,16.06,0.00,3332.00,3332.00,3.5229520519391606,482.120748906,,50.459999999999994,159.7013379046268,26.051046169621568,287.39759608236375,,87.5622166480317,12.437725218938528
17,ddr4 12 R RO Miss,64,1000000050465,875.30,73795945,558219.723777,nan,4722937745.656947,0,9190189,64605692,9190189,0,64605692,0,262144,64343612,0,18180,0,14259019633573,2960027607187,18150424489142,6300538964363,0,12968182083121,1829944842723,23320880689041,0,1290837550452,1130082764464,1130082764464,0,73795881,64605692,64605279,64605279,0,2,45,14,48,13,52,14,0,4722.939986,4134.764079,19207.00,46.12,24.59,21.53,4134.77,0.00,19207.00,21.53,21.53,0.00,3332.00,3332.00,4.722937745656947,558.219723777,,67.65,175.73043247659038,28.324823805354487,360.97484679295326,,87.54639838272956,12.453514891638017
18,ddr4 12 R RO Miss,128,1000000000693,768.25,75338717,969094.255703,nan,4821673468.658580,0,9383623,65954966,9383623,0,65954966,0,262144,65692948,0,36876,0,43692123019936,3033036355690,19324291000878,7450364339805,0,42374300421148,1879352090418,25620971075411,0,1317822598788,1153684265272,1153684265272,0,75338589,65954966,65954584,65954584,0,3,90,14,78,13,61,14,0,4821.675581,4221.117821,19207.00,47.08,25.10,21.98,4221.12,0.00,19207.00,21.98,21.98,0.00,3332.00,3332.00,4.82167346865858,969.094255703,,69.06,562.451473854229,28.494474402700778,388.46384165520624,,87.54458348421304,12.45524661642433
19,ddr4 12 R RO Miss,256,1000000021415,1051.16,75946407,1806193.052487,nan,4860561495.911076,0,9459885,66486266,9459885,0,66486266,0,262144,66224363,0,74652,0,107282612544899,3055812785614,19676356386084,7550111730477,0,105954162471607,1892835020742,26063490351689,0,1328450073292,1162977764872,1162977764872,0,75946151,66486266,66485894,66485894,0,5,192,14,142,13,64,14,0,4860.563800,4255.120933,19207.00,47.46,25.31,22.15,4255.13,0.00,19207.00,22.15,22.15,0.00,3332.00,3332.00,4.8605614959110754,1806.193052487,,69.61,1395.1222158922446,28.46956423665002,392.0153401515365,,87.54366220379589,12.456000716399922
20,ddr4 12 R RO Miss,512,1000000013061,1347.53,77077722,3446404.416265,nan,4932957503.570642,0,9601262,67475947,9601262,0,67475947,0,262144,67214283,0,151900,0,234722758881073,3099355928004,20287436556248,7507621094383,0,233374524341245,1919066663080,26614768385707,0,1348234539828,1180289264924,1180289264924,0,77077209,67475947,67475548,67475548,0,7,420,14,270,41,64,14,0,4932.959936,4318.460552,19207.00,48.17,25.68,22.48,4318.48,0.00,19207.00,22.48,22.48,0.00,3332.00,3332.00,4.932957503570642,3446.4044162650002,,70.65,3027.8019581799467,28.440751829388923,394.4357500543308,,87.54273640832302,12.456598029713437
21,ddr4 12 R RO Miss,1024,1000000001162,2108.51,77199268,10092884.253836,nan,4940703162.258903,0,9616479,67581764,9616479,0,67581764,0,262144,67320561,0,302781,0,746668123375628,3103990336728,20339711547798,7496054572836,0,745317771709072,1921850120840,26653625904746,0,1350351666556,1182140215888,1182140215888,0,77198243,67581764,67581234,67581234,0,12,876,14,270,34,64,14,0,4940.704954,4325.232891,19207.00,48.24,25.72,22.52,4325.25,0.00,19207.00,22.52,22.52,0.00,3332.00,3332.00,4.940703162258902,10092.884253836,,70.76,9654.595010783756,28.437406884496237,394.39389201958045,,87.54197513893526,12.456697128268107
22,ddr4 12 R WO Hit,1,1000000006640,81.02,20334467,nan,59177.583512,0,1301405815.358665,20072263,262144,0,20072263,0,262144,262144,0,0,0,0,909774157648,357508129324,39316200000,4585684992,0,554084710404,1818682080,39316462144,0,355689447244,355689447244,4585422848,0,20334407,20334407,262108,262108,0,0,1,1,1,1,1,1,0,1301.402103,1301.402039,19207.00,13.55,6.78,6.78,16.78,0.00,19207.00,0.09,0.09,0.00,3332.00,3332.00,1.301405815358665,,59.177583512,13.64,27.248628907840782,0.08943865832920526,150.00100013734797,,1.289160910881018,98.71054402360288
23,ddr4 12 R WO Hit,2,1000000001340,137.21,32233594,nan,41022.962141,0,2062949949.235647,31971200,262144,0,31971200,0,262144,262144,0,0,0,0,1834527037052,1091952071067,39985671355,6911821220,0,1270701383804,528126417819,42312069727,0,563825653248,563825653248,4585422848,0,32233344,32233344,262108,262108,0,0,2,2,2,1,2,2,0,2062.934141,2062.934013,19207.00,21.48,10.74,10.74,16.78,0.00,19207.00,0.09,0.09,0.00,3332.00,3332.00,2.062949949235647,,41.022962141,21.57,39.42195335997407,16.384474965396084,161.42990571443832,,0.8132633301765854,99.18596108147295
24,ddr4 12 R WO Hit,4,1000000019044,187.09,38736495,nan,35806.270865,0,2479135568.787343,38473773,262144,0,38473773,0,262144,262144,0,0,0,0,3179468528672,1938991906358,41347587024,8412659854,0,2501899868508,1261423246194,45174824030,0,677568660164,677568660164,4585422848,0,38735917,38735917,262113,262113,0,0,4,4,4,3,4,4,0,2479.098897,2479.098641,19207.00,25.81,12.91,12.91,16.78,0.00,19207.00,0.09,0.09,0.00,3332.00,3332.00,2.479135568787343,,35.806270865,25.9,64.58863148916805,32.564693026216474,172.34865889902449,,0.6767364987462082,99.32177136831817
25,ddr4 12 R WO Hit,8,1000000074832,294.82,54862081,nan,28219.056575,0,3511172857.251913,54598262,262144,0,54598262,0,262144,262144,0,0,0,0,6343094911860,2763197555036,44029068686,11549238363,0,5383476690108,1803579333284,50992884201,0,959618221752,959618221752,4585422848,0,54860406,54860406,262115,262115,0,0,8,8,8,6,8,6,0,3511.066105,3511.065721,19207.00,36.56,18.28,18.28,16.78,0.00,19207.00,0.09,0.09,0.00,3332.00,3332.00,3.511172857251913,,28.219056575,36.650000000000006,98.13045660121436,32.87579266701016,194.54393758846308,,0.47782365382749514,99.51912323559145
26,ddr4 12 R WO Hit,16,1000000130014,426.62,70785634,nan,24123.384306,0,4530279923.000186,70519117,262144,0,70519117,0,262144,262144,0,0,0,0,13005721258416,3531487628188,49990218992,17771460827,0,11767615441004,2293381810776,63176256971,0,1238105817412,1238105817412,4585422848,0,70781261,70781261,262122,262122,0,0,16,14,16,11,16,9,0,4530.001075,4530.000115,19207.00,47.17,23.59,23.59,16.78,0.00,19207.00,0.09,0.09,0.00,3332.00,3332.00,4.530279923000186,,24.123384306,47.260000000000005,166.25326074656962,32.40097418970821,241.01852179900962,,0.3703350315404394,99.62348716125082
27,ddr4 12 R WO Hit,32,1000000038509,745.41,114385050,nan,18741.749544,0,7320642854.089364,114108703,262144,0,114108703,0,262144,262144,0,0,0,0,18169333596924,5274151507465,54920633472,21416708606,0,16168758741200,3273576651741,71751919230,0,2000574855724,2000574855724,4585422848,0,114370847,114370847,262132,262132,0,0,32,14,31,12,31,14,0,7319.735654,7319.733926,19207.00,76.22,38.11,38.11,16.78,0.00,19207.00,0.09,0.09,0.00,3332.00,3332.00,7.320642854089364,,18.741749543999997,76.31,141.3713298914364,28.62247449947625,273.72438019776297,,0.22917680238807434,99.75840636516747
28,ddr4 12 R WO Hit,64,1000000026563,886.71,121577597,nan,18224.942919,0,7780965937.314201,121285795,262144,0,121285795,0,262144,262144,0,0,0,0,33301105537768,5592477348961,60928723900,22830940685,0,31174988988780,3466360799973,79174241737,0,2126116548988,2126116548988,4585422848,0,121547939,121547939,262134,262134,0,0,47,14,55,13,51,14,0,7779.070705,7779.067889,19207.00,81.00,40.50,40.50,16.78,0.00,19207.00,0.09,0.09,0.00,3332.00,3332.00,7.7809659373142015,,18.224942919,81.09,256.4830736354978,28.51846628162901,302.037285270129,,0.21561867191699802,99.7599870311633
29,ddr4 12 R WO Hit,128,1000000002031,1053.79,125971843,nan,17937.791331,0,8062197871.625676,125647890,262144,0,125647890,0,262144,262144,0,0,0,0,65138881457910,5787565862786,61656616702,24400286973,0,62936463143182,3585147548058,81471480827,0,2202418314728,2202418314728,4585422848,0,125910034,125910034,262138,262138,0,0,90,14,86,13,58,14,0,8058.247024,8058.242160,19207.00,83.91,41.95,41.95,16.78,0.00,19207.00,0.09,0.09,0.00,3332.00,3332.00,8.062197871625676,,17.937791331,84.0,499.85264195212596,28.473882772980584,310.7961486964881,,0.20809729679036293,99.74283697667263
30,ddr4 12 R WO Hit,256,1000000003393,1424.39,133901863,nan,17467.174920,0,8569719074.922942,133508272,262144,0,133508272,0,262144,262144,0,0,0,0,129121869746359,6143324784570,62148997840,23882790682,0,126781957629687,3803412667898,81446365674,0,2339912116672,2339912116672,4585422848,0,133770416,133770416,262141,262141,0,0,192,14,143,13,64,14,0,8561.315491,8561.306595,19207.00,89.15,44.57,44.57,16.78,0.00,19207.00,0.09,0.09,0.00,3332.00,3332.00,8.569719074922942,,17.46717492,89.24000000000001,947.75781836312,28.432390222199803,310.6967840742196,,0.19577322833813,99.70606010164325
31,ddr4 12 R WO Hit,512,1000000059916,2260.17,136943273,nan,17300.337400,0,8764368882.874075,136412969,262144,0,136412969,0,262144,262144,0,0,0,0,257125860630751,6274294743018,63107583534,23381936602,0,254735139554155,3883573666422,81904097288,0,2390721076596,2390721076596,4585422848,0,136675113,136675113,262135,262135,0,0,420,14,270,57,64,14,0,8747.223860,8747.206708,19207.00,91.08,45.54,45.54,16.78,0.00,19207.00,0.09,0.09,0.00,3332.00,3332.00,8.764368882874075,,17.3003374,91.17,1863.8004678595364,28.414636587291497,312.4500630896294,,0.19142524802952535,99.61275644404964
32,ddr4 12 R WO Hit,1024,1000000026330,3391.64,136275451,nan,17334.173910,0,8721628570.359520,135480665,262144,0,135480665,0,262144,262144,0,0,0,0,769081202154342,6231608032884,63093636217,23411971197,0,766706788939314,3857194817856,81920184566,0,2374413215028,2374413215028,4585422848,0,135742809,135742809,262130,262130,0,0,880,14,277,63,64,14,0,8687.556699,8687.539547,19207.00,90.46,45.23,45.23,16.78,0.00,19207.00,0.09,0.09,0.00,3332.00,3332.00,8.72162857035952,,17.33417391,90.55,5648.231347115515,28.415463377187077,312.5173942929081,,0.19236333329030775,99.41677976908694
33,ddr4 12 R WO Miss,1,1000000574823,9.82,1717417,nan,592270.138588,0,109914560.818582,182113,1535301,0,182113,0,1535301,261743,1273559,1273558,1,0,67828439118,31859687768,889349276536,26857020393,22277076536,37787433430,1818682080,889350811837,0,30041005688,30041005688,26855485092,22277076536,1717414,1717414,1535288,1535288,1273558,1,1,1,1,1,1,1,1,109.914497,109.914433,19207.00,1.14,0.57,0.57,98.26,81.51,19207.00,0.94,0.51,0.42,3332.00,3332.00,0.109914560818582,,592.270138588,2.08,22.002518571526725,1.0589654445579226,579.2729519393104,0.0,89.39593587346579,10.603889445603484
34,ddr4 12 R WO Miss,2,1000000422536,17.77,3148494,nan,327612.884316,0,201503466.857531,360551,2787937,0,360551,0,2787937,262139,2525800,2525799,12,0,136020559192,67957312654,1779367936783,58947395973,48389716461,80947207096,12883960558,1789548738752,4208440353,55073352096,55073352096,48766594004,44181276108,3148488,3148488,2787924,2787924,2525799,1,2,2,2,1,2,2,1,201.503275,201.503147,19207.00,2.10,1.05,1.05,178.43,161.65,19207.00,1.77,0.93,0.84,3332.00,3332.00,0.201503466857531,,327.61288431599996,3.87,25.709866798285397,4.092110421891397,641.8929421146345,1.6661818113792903,88.54827101465018,11.451538418050026
35,ddr4 12 R WO Miss,4,1000000154082,50.69,8548647,nan,126601.487956,0,547113259.699695,1035926,7512703,0,1035926,0,7512703,262144,7250562,7250561,83,0,457185531107,201921372789,2913680299545,166739042531,834944098244,307652912639,52388754321,2949007141200,708117302724,149532618468,149532618468,131412200876,126826795520,8548629,8548629,7512588,7512588,7250560,1,4,4,4,3,4,4,4,547.112364,547.112172,19207.00,5.70,2.85,2.85,480.81,464.04,19207.00,4.92,2.50,2.42,3332.00,3332.00,0.547113259699695,,126.601487956,10.620000000000001,35.98856759826634,6.1283223685341826,392.54210948344297,97.66380841259158,87.88177825099106,12.118011189373009
36,ddr4 12 R WO Miss,8,1000000055123,90.28,13570571,nan,83103.641195,0,868516432.124769,1663651,11906865,0,1663651,0,11906865,262144,11644726,11644725,301,0,998275031798,400598742439,5446467947007,300710425611,2022453847217,760899565926,163223276567,5538903490038,1818764317517,237375465872,237375465872,208274882580,203689529700,13570516,13570516,11906702,11906702,11644725,1,8,8,8,7,8,7,9,868.513232,868.512976,19207.00,9.04,4.52,4.52,762.04,745.26,19207.00,7.85,3.97,3.88,3332.00,3332.00,0.8685164321247689,,83.10364119500001,16.89,56.07005407355181,12.027787047080597,465.192081740015,156.1878290399301,87.74033900268456,12.259255708547562
37,ddr4 12 R WO Miss,16,1000000028903,135.55,17987039,nan,64988.439860,0,1151170398.727722,2215033,15771858,0,2215033,0,15771858,262144,15509726,15509725,850,0,2038939635746,665691228721,10540996071177,482998356080,4711375454790,1724312938374,351064531349,10748113087121,4440079485026,314626697372,314626697372,275881340136,271295969764,17986891,17986891,15771698,15771698,15509717,2,16,14,14,13,16,10,19,1151.161759,1151.160991,19207.00,11.99,5.99,5.99,1009.40,992.62,19207.00,10.42,5.26,5.17,3332.00,3332.00,1.151170398727722,,64.98843986,22.41,95.86497957729327,19.517799454558325,681.4810356577332,286.27727282361116,87.68457109588743,12.314606089418053
38,ddr4 12 R WO Miss,32,1000000022606,191.84,22441906,nan,54195.004255,0,1436281887.531412,2772080,19669439,0,2772080,0,19669439,262144,19407322,19407322,2330,0,3190903917243,911468305700,24141595899208,762491355425,17272083273098,2798356866895,518921255352,24560029427645,16932610694038,392547050348,392547050348,344057826988,339472579060,22441519,22441519,19669353,19669353,19407305,2,29,14,24,11,32,13,33,1436.258912,1436.257184,19207.00,14.96,7.48,7.48,1258.84,1242.07,19207.00,13.02,6.55,6.47,3332.00,3332.00,1.4362818875314118,,54.195004255,27.98,124.69551935833755,23.123267874692438,1248.6444992697523,872.4864526031822,87.64602703531509,12.352248512225298
39,ddr4 12 R WO Miss,64,1000000300857,252.79,25315284,nan,49693.559021,0,1620177624.558220,3130761,22183635,0,3130761,0,22183635,262144,21921552,21921552,5389,0,3683662362586,1085142874751,55356525327870,985633799812,44068404369031,3240862947754,642343459919,55954122984262,43684953351095,442799414832,442799414832,388036143420,383451017936,25314396,25314396,22183587,22183587,21921508,2,45,14,42,13,64,14,62,1620.124761,1620.120857,19207.00,16.87,8.44,8.44,1419.75,1402.98,19207.00,14.70,7.39,7.30,3332.00,3332.00,1.62017762455822,,49.693559021,31.57,128.02450225373735,25.37463109603721,2522.3208034057793,1992.789608775774,87.6294139145348,12.36707832311895
40,ddr4 12 R WO Miss,128,1000000012627,297.29,25665721,nan,50304.700375,0,1642606059.258813,3173602,22490351,0,3173602,0,22490351,262144,22228334,22228327,10941,0,3845114321888,1181007086556,118984514807502,1078092388462,98002190707022,3396200456012,732093220680,119669205976272,97613374647798,448913865876,448913865876,393401219692,388816059224,25663953,25663953,22490350,22490350,22228222,3,90,14,77,64,64,14,117,1642.500651,1642.492971,19207.00,17.10,8.55,8.55,1439.38,1422.61,19207.00,14.90,7.49,7.41,3332.00,3332.00,1.642606059258813,,50.304700375,32.0,132.3334895451219,28.526128483792032,5320.913457383812,4391.416220685487,87.62797273452789,12.365138699980413
41,ddr4 12 R WO Miss,256,1000000556946,352.49,25611978,nan,54012.471355,0,1639165551.073303,3165262,22443160,0,3165262,0,22443160,262144,22181269,22181268,21992,0,3066492863142,1093267161968,159665918029118,812390914465,117004036898955,2618550345518,645324644344,160085733188863,116616044170679,447942517624,447942517624,392575754720,387992728276,25608422,25608422,22443160,22443160,22181153,4,192,14,142,113,64,14,138,1638.954415,1638.938095,19207.00,17.07,8.53,8.53,1436.37,1419.59,19207.00,14.87,7.48,7.39,3332.00,3332.00,1.639165551073303,,54.012471355,31.939999999999998,102.25348307357633,25.199703610944866,7132.94086879312,5257.438338335208,87.62759362045368,12.358522250799997
42,ddr4 12 R WO Miss,512,1000000325338,460.44,25353655,nan,69684.991576,0,1622633328.095718,3130042,22216750,0,3130042,0,22216750,262144,21955103,21955102,43570,0,3296811414368,1088166735235,259534489136419,887713412389,120964937694840,2853445328704,644800649571,260033587157808,120580901254648,443366085664,443366085664,388615391000,384036440192,25346792,25346792,22216750,22216750,21954976,6,420,14,270,208,64,14,140,1622.226672,1622.194160,19207.00,16.89,8.45,8.45,1421.89,1405.12,19207.00,14.72,7.40,7.32,3332.00,3332.00,1.622633328095718,,69.684991576,31.61,112.57619223387323,25.43914234081378,11704.39362903251,5492.190073660203,87.62740520055196,12.345525724003108
43,ddr4 12 R WO Miss,1024,1000000159617,676.98,25849234,nan,126178.285510,0,1654350455.937543,3185487,22649836,0,3185487,0,22649836,262144,22388707,22388706,88460,0,3588729953886,1109162392670,771210959115126,912483325103,120979419964693,3136818483970,657250922754,771727251508917,120587798713429,451911469916,451911469916,396190931312,391621251264,25835323,25835323,22649836,22649836,22388592,12,876,14,270,720,64,14,140,1653.525752,1653.460408,19207.00,17.22,8.61,8.61,1449.61,1432.87,19207.00,15.01,7.55,7.46,3332.00,3332.00,1.6543504559375428,,126.17828551,32.23,121.41588026478323,25.440011830082405,34072.090036718895,5386.126948645498,87.62285180288127,12.323332289072859
44,ddr4 12 R R67 Hit,1,1000000012006,72.17,20955904,114635.364679,57729.541004,889550581.320056,451627194.577764,20693736,262144,13725344,6968392,173867,88277,262144,0,0,62,0,939326807766,127153298752,39314850000,4585684992,0,572766554806,676763040,39315112144,0,366560252960,126476535712,4585422848,0,20955880,7230536,262099,262099,0,1,1,1,1,1,1,1,0,1341.176368,462.754298,19207.00,9.39,6.98,2.41,16.78,0.00,19207.00,0.09,0.09,0.00,3332.00,3332.00,1.34117777589782,114.635364679,57.729541004,9.48,27.332021122758864,0.09359790754101771,150.00100017169086,,1.250931479739552,98.74895399406296
45,ddr4 12 R R67 Hit,2,1000000000279,201.00,38144105,97673.372056,36219.122483,1619373375.548195,821849279.770704,37881867,262144,25128783,12753084,173867,88277,262144,0,0,192,0,1916337439046,409778415846,39948310531,6582184582,0,1249122398634,182116047670,41945072265,0,667215040412,227662368176,4585422848,0,38144011,13015228,262102,262102,0,1,2,2,2,1,2,2,0,2441.216831,832.974592,19207.00,17.05,12.71,4.34,16.78,0.00,19207.00,0.09,0.09,0.00,3332.00,3332.00,2.4412226553188994,97.67337205599999,36.219122483,17.14,32.74753666136474,13.992536102325676,160.03339259143385,,0.6872464303461832,99.31250713576843
46,ddr4 12 R R67 Hit,4,1000000003123,335.04,58044615,102054.823308,27223.992996,2464240312.304177,1250614716.094330,57782189,262144,38329702,19452487,173867,88277,262144,0,0,563,0,3714009396975,917364266285,41114907881,8151455509,0,2698697924139,572515940833,44680940542,0,1015311472836,344848325452,4585422848,0,58044333,19714631,262105,262105,0,1,4,4,4,3,4,4,0,3714.837492,1261.736380,19207.00,25.91,19.34,6.57,16.78,0.00,19207.00,0.09,0.09,0.00,3332.00,3332.00,3.714855028398507,102.05482330800001,27.223992996,26.0,46.49373650549141,29.040155041856988,170.46962302130825,,0.4516250129318628,99.54788915388619
47,ddr4 12 R R67 Hit,8,1000000003070,511.98,79957590,120325.991278,22480.850604,3394556021.578713,1722729210.711221,79694540,262144,52865457,26829083,173867,88277,262144,0,0,1444,0,6969230282721,1397168438248,43289917984,11085751114,0,5570627966193,923288695564,49790246250,0,1398602316528,473879742684,4585422848,0,79956684,27091227,262113,262113,0,1,8,8,8,6,8,6,0,5117.227952,1733.838523,19207.00,35.67,26.64,9.03,16.78,0.00,19207.00,0.09,0.09,0.00,3332.00,3332.00,5.117285232289934,120.325991278,22.480850604,35.760000000000005,69.6705727090058,34.080726412428646,189.9571797278273,,0.32785380349757914,99.67101309581741
48,ddr4 12 R R67 Hit,16,1000000010077,675.52,114547532,146389.350139,18700.901857,4862875854.996800,2468165479.128297,114282284,262144,75806512,38475772,173867,88277,262144,0,0,3704,0,13416901611725,1964332094423,47639115980,16658357053,0,11413290477149,1286728467751,59712050185,0,2003611134576,677603626672,4585422848,0,114544428,38737916,262116,262116,0,2,16,14,15,10,16,9,0,7330.844086,2479.226599,19207.00,51.08,38.17,12.91,16.78,0.00,19207.00,0.09,0.09,0.00,3332.00,3332.00,7.331041334125097,146.389350139,18.700901857,51.17,99.64073046965672,33.21625427013162,227.80772705595996,,0.22885172244479263,99.76843848543153
49,ddr4 12 R R67 Hit,32,1000000004949,1049.98,171474362,164374.727608,15810.847311,7279317467.974657,3695040173.713246,171201134,262144,113558100,57643034,173867,88277,262144,0,0,9612,0,23684899240716,2732073736584,53542689171,21938936828,0,20685663581940,1719196363008,70896203151,0,2999235658776,1012877373576,4585422848,0,171463278,57905178,262115,262115,0,2,32,14,29,11,32,14,0,10973.651018,3705.931374,19207.00,76.43,57.13,19.29,16.78,0.00,19207.00,0.09,0.09,0.00,3332.00,3332.00,10.974357641687902,164.374727608,15.810847311,76.52000000000001,120.64194632940588,29.689855422048787,270.47747420407075,,0.15287649823709507,99.84065956169005
50,ddr4 12 R R67 Hit,64,1000000071868,1455.57,193230714,228174.180170,15161.709112,8202694898.488723,4164068244.736743,192940271,262144,127974464,64965807,173867,88277,262144,0,0,18679,0,39146272447077,3002560025315,60888443394,22045981757,0,35766775803897,1861592706423,78349002303,0,3379496643180,1140967318892,4585422848,0,193202415,65227951,262131,262131,0,2,48,14,44,12,53,14,0,12364.956295,4174.588564,19207.00,86.11,64.38,21.73,16.78,0.00,19207.00,0.09,0.09,0.00,3332.00,3332.00,12.366763143225466,228.17418017,15.161709112,86.2,185.12592507654213,28.53980046718009,298.8925472492761,,0.13566373304401289,99.84969107964896
51,ddr4 12 R R67 Hit,128,1000000052866,1619.19,195681469,389317.718926,15124.026605,8306746952.855515,4216863393.071300,195358655,262144,129578750,65779905,173867,88277,262144,0,0,34817,0,71181208822222,3037639299644,61986895262,23518526216,0,67759409806114,1882431778536,80919998630,0,3421799016108,1155207521108,4585422848,0,195620799,66042049,262128,262128,0,3,90,14,78,13,58,14,0,12519.734634,4226.690913,19207.00,87.19,65.18,22.01,16.78,0.00,19207.00,0.09,0.09,0.00,3332.00,3332.00,12.523610345926816,389.317718926,15.124026605,87.28,346.38141829751953,28.50353384002365,308.70413931361776,,0.13396465252414883,99.83503087867763
52,ddr4 12 R R67 Hit,256,1000000002634,2137.99,203956968,687926.188516,15011.434584,8658037161.194731,4395203316.423035,203564935,262144,135021995,68542940,173867,88277,262144,0,0,69229,0,135122489411110,3160972877250,62595948720,23307638069,0,131557146145242,1957434347922,81318163941,0,3565343265868,1203538529328,4585422848,0,203827079,68805084,262132,262132,0,3,191,14,141,13,61,14,0,13044.941662,4403.525364,19207.00,90.84,67.92,22.93,16.78,0.00,19207.00,0.09,0.09,0.00,3332.00,3332.00,13.053240477617765,687.926188516,15.011434584,90.93,645.4350756076036,28.448978391218883,310.2183783017716,,0.1285290728581531,99.80778641502457
53,ddr4 12 R R67 Hit,512,1000000001286,2803.95,208712286,1285928.064890,15248.068099,8859839092.606247,4497735610.215912,208181059,262144,138082945,70098114,173867,88277,262144,0,0,138481,0,263043728812758,3230173747526,63451044356,22763270311,0,259397640305882,1999432114590,81628891819,0,3646088506876,1230741632936,4585422848,0,208443203,70360258,262138,262138,0,4,418,14,267,13,61,14,0,13340.381807,4503.056506,19207.00,92.90,69.46,23.44,16.78,0.00,19207.00,0.09,0.09,0.00,3332.00,3332.00,13.35757470282216,1285.92806489,15.248068099,92.99000000000001,1244.452381140401,28.41706627326466,311.3966377213529,,0.12560065582339508,99.74547401584208
54,ddr4 12 R R67 Hit,1024,1000000000940,4837.65,209213726,3733833.198750,18957.302791,8881111735.651754,4508533691.761978,208543551,262144,138323279,70220272,173867,88277,262144,0,0,410112,0,775031361966068,3235715666844,63364678590,22800143290,0,771378932749128,2002837246172,81579399032,0,3652429216940,1232878420672,4585422848,0,208805695,70482416,262124,262124,0,10,879,14,268,13,61,14,0,13363.581555,4510.874620,19207.00,93.06,69.58,23.49,16.78,0.00,19207.00,0.09,0.09,0.00,3332.00,3332.00,13.389645427413733,3733.83319875,18.957302790999996,93.15,3694.242787530905,28.41612645871844,311.2244549602478,,0.1252996182478008,99.67966967903435
55,ddr4 12 R R67 Miss,1,1000000239182,14.45,2896085,703652.498007,355314.861899,122904994.603338,62444273.064454,329370,2566714,218361,111009,1702031,864683,262141,2304574,838952,12,0,115948887880,48640732316,819152948384,44899528002,14674948384,65290586552,1802001600,819155515098,0,50658301328,46838730716,44896961288,14674948384,2896084,2677723,2566680,2566680,838952,1,1,1,1,1,1,1,1,185.349396,171.374231,19207.00,1.86,0.97,0.89,164.27,53.69,19207.00,1.13,0.86,0.28,3332.00,3332.00,0.185349267667792,703.652498007,355.314861899,2.99,22.54443812817584,0.6729604219704578,319.1498414675768,0.0,88.62702579516831,11.37293967545842
56,ddr4 12 R R67 Miss,2,1000000462414,27.88,5428723,567120.722988,194097.208618,230447125.438023,116990921.901760,646652,4782068,429460,217192,3171277,1610791,262144,4519926,1651779,38,0,235461480329,102130139411,1634979779288,99690028301,30195848464,140502310089,14683083491,1651021874133,1302930196,94959170240,87447055920,83647933456,28892918268,5428720,4999260,4781999,4781999,1651779,1,2,2,2,1,2,2,1,347.438047,319.952492,19207.00,3.47,1.81,1.67,306.05,105.71,19207.00,2.14,1.59,0.55,3332.00,3332.00,0.347438047339783,567.120722988,194.097208618,5.61,25.881296159868256,2.937051381804507,345.2576786680633,0.7888041899067612,88.08826679865597,11.911677939729104
57,ddr4 12 R R67 Miss,4,1000000034994,66.91,12024010,394404.315047,92696.622709,510440622.137641,259095798.933202,1469350,10554647,975627,493723,7000003,3554644,262144,10292507,3770681,145,0,657552358168,276479979430,2591160119191,257036743583,704941581849,447228602644,83221891390,2663574977450,638984829797,210323755524,193258088040,184621885324,65956752052,12023997,11048370,10554462,10554462,3770681,1,4,4,4,3,4,4,4,769.536037,707.095655,19207.00,7.69,4.01,3.68,675.50,241.32,19207.00,4.77,3.52,1.26,3332.00,3332.00,0.769536421070843,394.404315047,92.696622709,12.46,37.19467017864359,7.532504015524462,252.364827070295,169.46138636416075,87.77975899886977,12.220132884121021
58,ddr4 12 R R67 Miss,8,1000000209091,119.79,19251695,418024.753222,61411.026858,817276501.114839,414831401.262487,2371656,16880017,1573866,797790,11196072,5683945,262144,16617878,6092838,492,0,1451924584373,547578868085,4722199041777,499468423177,1634218038369,1115174320257,238358668041,4926402207590,1527642151057,336750264116,309220200044,295265257364,106575887312,19251673,17677807,16879743,16879743,6092836,1,8,8,8,7,8,8,9,1232.107134,1131.379411,19207.00,12.31,6.41,5.89,1080.32,389.94,19207.00,7.65,5.62,2.03,3332.00,3332.00,1.232107902377326,418.024753222,61.411026858,19.96,57.926099215221456,13.483497587738116,291.852915508844,250.72760058813336,87.68067954535951,12.319206178988395
59,ddr4 12 R R67 Miss,16,1000000018505,190.89,27390528,538427.348345,45954.606391,1162759850.483129,590233333.077732,3387937,24002517,2248135,1139802,15919941,8082576,262144,23740388,8707411,1437,0,3240152497757,966649321517,9024353497003,951014541948,3997875517174,2761038676389,526859877569,9555516011587,3845565518946,479113821368,439789443948,419852027364,152309998228,27390454,25142319,24002211,24002211,8707409,2,16,14,15,13,16,11,16,1752.989600,1609.108386,19207.00,17.50,9.13,8.38,1536.16,557.27,19207.00,10.90,8.00,2.90,3332.00,3332.00,1.7529931835608612,538.4273483449999,45.954606391,28.4,100.80295406527398,20.955102732130637,398.109824615199,441.64291799615705,87.63072037165549,12.369009461957067
60,ddr4 12 R R67 Miss,32,1000000001494,295.47,36859193,733227.983013,36802.034570,1564773821.662228,794213438.813445,4572505,32286482,3034221,1538284,21415240,10871242,262144,32024370,11748524,4189,0,5131521233816,1374513827204,18674921390717,1495540211144,12596003852524,4486783833212,782851020332,19605706458717,12390499020556,644737400604,591662806872,564755143144,205504831968,36858987,33824766,32286241,32286241,11748504,3,30,14,27,13,32,14,28,2358.977020,2164.785021,19207.00,23.55,12.28,11.27,2066.34,751.90,19207.00,14.67,10.76,3.91,3332.00,3332.00,2.3589872604756734,733.227983013,36.802034570000004,38.22,121.72835442308818,23.14431444498389,607.2464880230871,1054.6448314233028,87.59410983306118,12.405331283297494
61,ddr4 12 R R67 Miss,64,1000000014986,393.59,43267824,1003669.806961,33142.719562,1836898340.472241,932241010.029436,5371580,37895742,3564450,1807130,25136769,12758973,262144,37633659,13805944,9992,0,5318945568998,1614465484191,34472789695364,1768695953097,24068600229302,4562113572574,919982847167,35578613329397,23827107059170,756831996424,694482637024,662872319064,241493170132,43267322,39702872,37895549,37895549,13805921,3,45,14,43,14,59,14,44,2769.112407,2540.983770,19207.00,27.65,14.42,13.23,2425.33,883.58,19207.00,17.23,12.63,4.60,3332.00,3332.00,2.769139350501677,1003.669806961,33.142719561999996,44.879999999999995,105.44016504127526,23.17169516520115,938.8599523758583,1725.8614661904846,87.5841179348423,12.414721849658997
62,ddr4 12 R R67 Miss,128,1000000315375,507.34,47654324,1583455.572898,31830.063564,2023145921.950355,1026726716.196062,5919128,41734059,3927649,1991479,27683309,14050750,262144,41472041,15214479,22229,0,6185536643040,1873074780558,64986533028754,2298055602445,46145353148292,5351987096036,1108227669862,66554576471171,45879222286256,833549547004,764847110696,730012160028,266130862036,47653187,43725538,41734007,41734007,15214433,3,90,14,77,28,64,14,67,3049.811070,2798.433549,19207.00,30.45,15.88,14.57,2670.98,973.72,19207.00,18.98,13.91,5.07,3332.00,3332.00,3.049872638146417,1583.455572898,31.830063564,49.43,112.31121007784851,25.345089404320195,1594.7324797058427,3015.5065447562847,87.57664676976637,12.420967297741964
63,ddr4 12 R R67 Miss,256,1000000067300,626.11,47903043,2911815.816143,33944.312788,2033686519.132897,1032102330.539513,5949060,41951698,3947552,2001508,27827386,14124312,262144,41689809,15294613,44980,0,6497375591185,1967107977678,128469388135394,2422661463822,91224213916285,5659495532249,1198278498326,130158230497800,90956682137461,837880058936,768829479352,733819101416,267531778824,47900758,43953206,41951697,41951697,15294522,4,192,14,142,97,64,14,116,3065.664626,2813.004995,19207.00,30.61,15.96,14.65,2684.92,978.85,19207.00,19.08,13.98,5.10,3332.00,3332.00,3.06578884967241,2911.815816143,33.944312788000005,49.69,118.15043787509585,27.2625960055337,3102.573669375043,5947.0104484115955,87.57626942405308,12.418960524073595
64,ddr4 12 R R67 Miss,512,1000000077757,836.77,47679077,5589781.921199,43232.777546,2024187810.605228,1027261552.123224,5919212,41755345,3927676,1991536,27697387,14057958,262144,41493710,15222442,89123,0,7087237606449,1954638287479,254396283167154,2504346758654,120556068213676,6253314255405,1189417845027,256170245431068,120289799392236,833923351044,765220442452,730384494740,266268821440,47674557,43746881,41755344,41755344,15222320,7,422,14,271,208,64,14,136,3051.204051,2799.800166,19207.00,30.46,15.89,14.58,2672.36,974.23,19207.00,18.99,13.91,5.07,3332.00,3332.00,3.0514493627284516,5589.781921199001,43.232777545999994,49.45,131.1666987362882,27.18863191702741,6135.028978112789,7902.198836460934,87.57582492630888,12.414695024402423
65,ddr4 12 R R67 Miss,1024,1000000072819,1223.21,47688161,16358848.758427,77633.112166,2024551852.574159,1027457333.181584,5916364,41762797,3925755,1990609,27702359,14060438,262144,41501674,15225326,177874,0,7804689544204,1954515300624,765673922156651,2501070554625,120558312716235,6970685659992,1189180722872,767444477866152,120291993517835,834003884212,765334577752,730514845124,266319198400,47679161,43753406,41762795,41762795,15225200,12,878,14,271,720,64,14,136,3051.531554,2800.217780,19207.00,30.47,15.89,14.58,2672.84,974.41,19207.00,18.99,13.92,5.07,3332.00,3332.00,3.052009185755743,16358.848758427,77.633112166,49.459999999999994,146.1998389609247,27.179157729389114,18376.271939321876,7900.848167369559,87.57476934369518,12.406358047650443
66,ddr4 12 L RO Hit,1,1000000004933,91.66,50049896,59940.112097,nan,3203193136.198648,0,49787750,262145,49787750,0,262145,0,262145,0,0,0,0,984582168908,4923666100,9830550000,4585702485,0,109109405568,338225760,9830812145,0,875472763340,4585440340,4585440340,0,50049895,262145,65537,65537,0,0,1,1,1,1,1,1,0,3203.193328,16.777280,19207.00,16.76,16.68,0.09,16.78,0.00,19207.00,0.09,0.09,0.00,3332.00,3332.00,3.203193136198648,59.940112097,,16.85,2.1800126767099113,1.290223960022125,150.00399995422433,,0.5237673221139161,99.47623067987993
67,ddr4 12 L RO Hit,2,1000000004679,224.70,92381586,52456.909792,nan,5912421156.335781,0,92119439,262145,92119439,0,262145,0,262145,0,0,0,0,1975195333219,8067033698,17432785728,5792612805,0,359256665891,3481593358,18639958193,0,1615938667328,4585440340,4585440340,0,92381584,262145,131001,131001,0,0,2,2,2,1,2,2,0,5912.421476,16.777280,19207.00,30.87,30.78,0.09,16.78,0.00,19207.00,0.09,0.09,0.00,3332.00,3332.00,5.912421156335781,52.456909792,,30.96,3.8888342279452583,13.281173999122622,142.28867102541201,,0.2837632599206513,99.71623457514575
68,ddr4 12 L RO Hit,4,1000000035344,299.53,138533493,56050.965925,nan,8866142918.635046,0,138271344,262145,138271344,0,262145,0,262145,0,0,0,0,3958406792270,11032697876,29646002760,6213488584,0,1535179002682,6447257536,31274051004,0,2423227789588,4585440340,4585440340,0,138533489,262145,255314,255314,0,0,4,4,4,2,4,4,0,8866.143239,16.777279,19207.00,46.25,46.16,0.09,16.78,0.00,19207.00,0.09,0.09,0.00,3332.00,3332.00,8.866142918635045,56.050965925,,46.34,11.081645411255037,24.594241873772148,122.49250336448452,,0.18922860769850075,99.8107685049131
69,ddr4 12 L RO Hit,8,1000000004817,300.96,141550754,83557.859961,nan,9059247444.361607,0,141288601,262145,141288601,0,262145,0,262145,0,0,0,0,7951158504918,8396848124,37093768362,8600316338,0,5475152855886,3811407784,41108644360,0,2476005649032,4585440340,4585440340,0,141550746,262145,262097,262097,0,0,8,8,4,1,8,7,0,9059.248212,16.777280,19207.00,47.25,47.17,0.09,16.78,0.00,19207.00,0.09,0.09,0.00,3332.00,3332.00,9.059247444361606,83.55785996099999,,47.34,38.679788066154025,14.539311388735241,156.84515412232875,,0.185195057314919,99.814799291002
70,ddr4 12 L RO Hit,16,1000000018305,370.03,145177434,137035.854861,nan,9291354517.921757,0,144915273,262145,144915273,0,262145,0,262145,0,0,0,0,15938560552829,10053256712,36383923247,16190029666,0,13399117157173,5467816372,47988512573,0,2539443395656,4585440340,4585440340,0,145177418,262145,261316,261316,0,0,16,14,11,9,16,12,0,9291.355158,16.777280,19207.00,48.46,48.37,0.09,16.78,0.00,19207.00,0.09,0.09,0.00,3332.00,3332.00,9.291354517921757,137.035854861,,48.550000000000004,92.2947751913662,20.8579845963112,183.6416927130371,,0.18056869637191686,99.81942028263153
71,ddr4 12 L RO Hit,32,1000000002481,386.79,162820936,222403.120878,nan,10420537574.146645,0,162558759,262145,162558759,0,262145,0,262145,0,0,62,18,31801894401898,12453428476,35462192574,37537907456,0,28953831149130,7867988136,68414659690,0,2848063252768,4585440340,4585440340,0,162820904,262145,255859,255859,0,32,32,14,22,13,25,14,0,10420.538214,16.777280,19207.00,54.34,54.25,0.09,16.78,0.00,19207.00,0.09,0.09,0.00,3332.00,3332.00,10.420537574146644,222.40312087799998,,54.43000000000001,177.8262522675221,30.013878334509528,267.39203893550746,,0.1610020224917513,99.83897832401603
72,ddr4 12 L RO Hit,64,1000000002228,784.57,215545083,320937.460571,nan,13794880801.265005,0,215282874,262145,215282874,0,262145,0,262145,0,0,158,90,63673383651465,12882215542,39295969504,51808937654,0,59903070179117,8296775202,86519466818,0,3770313472348,4585440340,4585440340,0,215545019,262145,260590,260590,0,32,64,14,45,13,33,14,0,13794.881889,16.777280,19207.00,71.91,71.82,0.09,16.78,0.00,19207.00,0.09,0.09,0.00,3332.00,3332.00,13.794880801265005,320.93746057100003,,72.0,277.9144257521302,31.649564943065858,332.0137642196554,,0.12161956856144104,99.87835073927435
73,ddr4 12 L RO Hit,128,1000000002845,1116.66,268341193,499632.858045,nan,17173827663.140461,0,268078920,262145,268078920,0,262145,0,262145,0,0,383,289,127553770821369,12363302512,36622847198,48189974601,0,122859948912389,7777862172,80227381459,0,4693821908980,4585440340,4585440340,0,268341065,262145,257544,257544,0,32,128,14,78,13,40,14,0,17173.828943,16.777280,19207.00,89.50,89.41,0.09,16.78,0.00,19207.00,0.09,0.09,0.00,3332.00,3332.00,17.17382766314046,499.632858045,,89.59,457.84997131314583,29.670076377577296,311.5094176490231,,0.0976909273858673,99.90226137214796
74,ddr4 12 L RO Hit,256,1000000001310,1750.34,283674604,923889.159988,nan,18155157800.216740,0,283412203,262145,283412203,0,262145,0,262145,0,0,891,736,255262540512421,12077251628,37104532549,54009875699,0,250300508817205,7491811288,86528967908,0,4962031695216,4585440340,4585440340,0,283674348,262145,251877,251877,0,32,256,14,142,13,64,14,0,18155.159080,16.777280,19207.00,94.61,94.52,0.09,16.78,0.00,19207.00,0.09,0.09,0.00,3332.00,3332.00,18.155157800216738,923.8891599880001,,94.7,882.3515787800629,28.578883015125218,343.5365988478503,,0.09241045772289154,99.90749929803374
75,ddr4 12 L RO Hit,512,1000000001488,2868.45,285510100,1812714.508952,nan,18272613156.810352,0,285247443,262145,285247443,0,262145,0,262145,0,0,1904,1641,510668673974788,12034070446,37666670556,60928003242,0,505674540261492,7448630106,94009233458,0,4994133713296,4585440340,4585440340,0,285509588,262145,249320,249320,0,32,512,14,272,13,64,14,0,18272.614437,16.777280,19207.00,95.22,95.14,0.09,16.78,0.00,19207.00,0.09,0.09,0.00,3332.00,3332.00,18.27261315681035,1812.714508952,,95.31,1771.1298026933232,28.414160506589866,377.0625439515482,,0.09181636656636664,99.90800430527676
76,ddr4 12 L RO Hit,1024,1000000002470,5150.49,285561057,3605343.403473,nan,18275841618.858673,0,285297888,262145,285297888,0,262145,0,262145,0,0,3435,3155,1022655678566079,12034695744,39783927919,65368754305,0,1017660662468843,7449255404,100567241884,0,4995016097236,4585440340,4585440340,0,285560033,262145,249626,249626,0,32,1024,14,272,25,64,14,0,18275.842899,16.777280,19207.00,95.24,95.15,0.09,16.78,0.00,19207.00,0.09,0.09,0.00,3332.00,3332.00,18.275841618858674,3605.343403473,,95.33,3563.736324644713,28.416545820061415,402.8716635446628,,0.09179998237644847,99.90784142531032
77,ddr4 12 L RO Miss,1,1000000025229,43.75,9864026,218861.275744,nan,631297520.072995,0,0,9864025,0,0,9864025,0,262144,9601882,0,4,0,419119158912,185968122260,369901500000,172551389325,0,246577633612,13426596960,369911364025,0,172541525300,172541525300,172541525300,0,9864025,9864025,2466010,2466010,0,1,1,1,1,1,1,1,0,631.297648,631.297584,19207.00,6.57,3.29,3.29,631.30,0.00,19207.00,3.29,3.29,0.00,3332.00,3332.00,0.631297520072995,218.861275744,,9.86,24.997669167707908,1.3611681803320652,150.0039999939173,,99.99998986215162,0.0
78,ddr4 12 L RO Miss,2,1000000070412,66.48,13501333,236174.199242,nan,864085059.158043,0,0,13501331,0,0,13501331,0,262144,13239189,0,6,0,722436022234,415462975193,897865599108,298336794594,0,486270740382,179297693341,960037111850,0,236165281852,236165281852,236165281852,0,13501331,13501331,6746915,6746915,0,1,2,2,2,1,2,2,0,864.085251,864.085123,19207.00,9.00,4.50,4.50,864.09,0.00,19207.00,4.50,4.50,0.00,3332.00,3332.00,0.864085059158043,236.17419924200001,,13.5,36.0165038826172,13.280001308093253,142.29275333244897,,99.99998518664786,0.0
79,ddr4 12 L RO Miss,4,1000000022035,93.50,17474997,283782.677826,nan,1118399463.356068,0,0,17474993,0,0,17474993,0,262144,17212853,0,8,0,1222218695055,735140970412,1969442878639,417947686215,0,916546117499,429468392856,2081717987298,0,305672577556,305672577556,305672577556,0,17474993,17474993,16947892,16947892,0,1,3,4,4,2,4,4,0,1118.399783,1118.399527,19207.00,11.65,5.82,5.82,1118.40,0.00,19207.00,5.82,5.82,0.00,3332.00,3332.00,1.1183994633560679,283.78267782600005,,17.47,52.44901199668578,24.576169664617318,122.83049640026027,,99.99997711015344,0.0
80,ddr4 12 L RO Miss,8,1000000027116,161.23,31313179,294674.959134,nan,2004042825.658375,0,0,31313174,0,0,31313174,0,262144,31051035,0,14,0,2165924441389,1002910202976,4430439176105,1027287726429,0,1618194401781,455180163368,4909996862926,0,547730039608,547730039608,547730039608,0,31313174,31313174,31307071,31307071,0,1,7,8,7,4,8,7,0,2004.043338,2004.043082,19207.00,20.87,10.43,10.43,2004.04,0.00,19207.00,10.43,10.43,0.00,3332.00,3332.00,2.004042825658375,294.674959134,,31.3,51.67775076972395,14.53637894925631,156.8334790222311,,99.99998403228238,0.0
81,ddr4 12 L RO Miss,16,1000000006081,242.90,44006189,371730.091250,nan,2816395054.873502,0,0,44006176,0,0,44006176,0,262144,43744045,0,20,0,5654410609243,1675037040534,6096652571886,2756681439537,0,4884654578651,905281009942,8083577980831,0,769756030592,769756030592,769756030592,0,44006176,44006176,43861895,43861895,0,1,16,14,12,9,16,12,0,2816.396015,2816.395247,19207.00,29.33,14.66,14.66,2816.40,0.00,19207.00,14.66,14.66,0.00,3332.00,3332.00,2.8163950548735017,371.73009125,,43.989999999999995,110.99929652262901,20.571680891836635,184.29614089475615,,99.9999704587007,0.0
82,ddr4 12 L RO Miss,32,1000000146494,266.65,47252594,548431.477965,nan,3024164356.978066,0,0,47252562,0,0,47252562,0,262144,46990450,0,22,0,10813709076344,2244962968908,6392608786738,6773572034463,0,9987167261840,1418421154404,12339639006697,0,826541814504,826541814504,826541814504,0,47252562,47252562,46053091,46053091,0,1,28,14,23,14,28,14,0,3024.165317,3024.163525,19207.00,31.49,15.75,15.75,3024.16,0.00,19207.00,15.75,15.75,0.00,3332.00,3332.00,3.024164356978066,548.431477965,,47.239999999999995,211.35715904335515,30.01786769580875,267.94377399547403,,99.99993227885014,0.0
83,ddr4 12 L RO Miss,64,1000000018204,325.50,50780747,792856.112387,nan,3249965188.837634,0,0,50780683,0,0,50780683,0,262144,50518603,0,24,0,20548552740821,2496669427747,7613803035385,10083809289775,0,19660297033785,1608413720711,16809356618124,0,888255707036,888255707036,888255707036,0,50780683,50780683,50505128,50505128,0,1,50,14,46,13,35,14,0,3249.966405,3249.963653,19207.00,33.84,16.92,16.92,3249.97,0.00,19207.00,16.92,16.92,0.00,3332.00,3332.00,3.249965188837634,792.856112387,,50.760000000000005,387.1609413718401,31.67373153903818,332.8247503525583,,99.9998739679824,0.0
84,ddr4 12 L RO Miss,128,1000000228067,403.69,58753521,1233731.771932,nan,3760220198.417860,0,0,58753393,0,0,58753393,0,262144,58491377,0,28,0,51310357030002,2769325074412,8187627696125,10812859632117,0,50282642679646,1741610724056,17972772977886,0,1027714350356,1027714350356,1027714350356,0,58753393,58753393,57707910,57707910,0,1,108,14,80,13,51,14,0,3760.221862,3760.216294,19207.00,39.15,19.58,19.58,3760.22,0.00,19207.00,19.58,19.58,0.00,3332.00,3332.00,3.76022019841786,1233.7317719320001,,58.73,855.8253423703717,29.6427258942475,311.44383807845406,,99.99978214071629,0.0
85,ddr4 12 L RO Miss,256,1000000194398,586.95,66633974,2048846.015950,nan,4264565186.977057,0,0,66633718,0,0,66633718,0,262144,66371830,0,31,0,110972952063662,3069428588312,9416844639628,13799701211477,0,109807395068406,1903871593056,22050988855849,0,1165556995256,1165556995256,1165556995256,0,66633718,66633718,63971645,63971645,0,1,209,14,146,20,64,14,0,4264.567235,4264.557123,19207.00,44.41,22.20,22.20,4264.57,0.00,19207.00,22.20,22.20,0.00,3332.00,3332.00,4.264565186977057,2048.84601595,,66.61,1647.9253801867396,28.572195131840008,344.69941887298666,,99.99961581159785,0.0
86,ddr4 12 L RO Miss,512,1000000077727,955.16,68477134,3861637.535721,nan,4382519659.359895,0,0,68476622,0,0,68476622,0,262144,68214990,0,32,0,236751910874694,3143337818225,9840876437503,15469448864311,0,235554117802670,1945544746201,24112532229790,0,1197793072024,1197793072024,1197793072024,0,68476622,68476622,65121116,65121116,0,1,439,14,279,21,64,14,0,4382.521259,4382.503467,19207.00,45.63,22.82,22.82,4382.52,0.00,19207.00,22.82,22.82,0.00,3332.00,3332.00,4.382519659359895,3861.637535721,,68.45,3439.9202373427534,28.411809598332695,370.2720977599647,,99.99925230515635,0.0
87,ddr4 12 L RO Miss,1024,1000000131113,1635.50,68606288,11317476.726472,nan,4390752512.315266,0,0,68605264,0,0,68605264,0,262144,68344144,0,32,0,746403810140229,3149384281098,10462811020512,17199657259994,0,745203766862341,1949341003210,26462425002618,0,1200043277888,1200043277888,1200043277888,0,68605264,68605264,65338327,65338327,0,1,900,14,281,119,64,14,0,4390.754496,4390.736320,19207.00,45.72,22.86,22.86,4390.75,0.00,19207.00,22.86,22.86,0.00,3332.00,3332.00,4.390752512315266,11317.476726472,,68.58,10862.19516424193,28.413869279914145,405.006161278326,,99.99850742544182,0.0
88,ddr4 12 L WO Hit,1,1000000032777,92.83,21500343,nan,56510.887631,0,1376021842.898132,21238197,262145,0,21238197,0,262145,262145,0,0,0,0,939348667404,399687787004,9830550000,4585702485,0,563264685140,23603804740,9830812145,0,376083982264,376083982264,4585440340,0,21500342,21500342,65537,65537,0,0,1,1,1,1,1,1,0,1376.021907,1376.021843,19207.00,14.33,7.16,7.16,16.78,0.00,19207.00,0.09,0.09,0.00,3332.00,3332.00,1.3760218428981321,,56.510887630999996,14.42,26.19794071833834,1.097833920037179,150.00399995422433,,1.2192596183232984,98.7807357305881
89,ddr4 12 L WO Hit,2,1000000009450,91.15,29944262,nan,43395.378767,0,1916432685.889711,29682115,262145,0,29682115,0,262145,262145,0,0,0,0,1821889770340,1136409765992,17432785728,5792616422,0,1298104774420,612624770072,18639961810,0,523784995920,523784995920,4585440340,0,29944260,29944260,131001,131001,0,0,2,2,2,1,2,2,0,1916.432750,1916.432622,19207.00,19.96,9.98,9.98,16.78,0.00,19207.00,0.09,0.09,0.00,3332.00,3332.00,1.916432685889711,,43.395378767000004,20.05,43.35070475677142,20.458838190424473,142.2886986358883,,0.8754431817354524,99.1245501391886
90,ddr4 12 L WO Hit,4,1000000003924,113.79,38092765,nan,36251.699293,0,2437936886.433536,37830616,262145,0,37830616,0,262145,262145,0,0,0,0,3008199702053,1901989800161,29646002760,6213502748,0,2341881126641,1235671224749,31274065168,0,666318575412,666318575412,4585440340,0,38092761,38092761,255314,255314,0,0,4,4,4,2,4,4,0,2437.936886,2437.936694,19207.00,25.39,12.69,12.69,16.78,0.00,19207.00,0.09,0.09,0.00,3332.00,3332.00,2.437936886433536,,36.251699292999994,25.48,61.47837712895109,32.438478921205004,122.49255884126997,,0.6881753004802881,99.31181419883802
91,ddr4 12 L WO Hit,8,1000000027107,170.19,56656593,nan,27646.828791,0,3626021789.709427,56394440,262145,0,56394440,0,262145,262145,0,0,0,0,6466301552208,2825340901944,37093768362,8600293000,0,5475264567388,1834303917124,41108621022,0,991036984820,991036984820,4585440340,0,56656585,56656585,262097,262097,0,0,8,8,8,1,8,7,0,3626.021790,3626.021342,19207.00,37.76,18.88,18.88,16.78,0.00,19207.00,0.09,0.09,0.00,3332.00,3332.00,3.626021789709427,,27.646828791,37.85,96.63950920070457,32.375829166618495,156.8450650789593,,0.4626910763942336,99.53729480344856
92,ddr4 12 L WO Hit,16,1000000001355,257.40,60450450,nan,26539.637343,0,3868828666.757738,60188289,262145,0,60188289,0,262145,262145,0,0,0,0,11291242420177,3031210140930,36383923247,16191525764,0,10233843428649,1973811149402,47990008671,0,1057398991528,1057398991528,4585440340,0,60450434,60450434,261316,261316,0,0,16,14,16,9,16,12,0,3868.827963,3868.827771,19207.00,40.29,20.14,20.14,16.78,0.00,19207.00,0.09,0.09,0.00,3332.00,3332.00,3.868828666757738,,26.539637343,40.38,169.29313408484379,32.6517283465988,183.64741795756862,,0.43365268579472943,99.5663208462468
93,ddr4 12 L WO Hit,32,1000000114035,241.55,63680111,nan,25702.589564,0,4075526575.247326,63417934,262145,0,63417934,0,262145,262145,0,0,0,0,20765411250484,3180193109520,35462625098,37538918020,0,19651519308616,2066301167652,68416102778,0,1113891941868,1113891941868,4585440340,0,63680079,63680079,255859,255859,0,0,30,14,29,13,25,14,0,4075.526127,4075.524591,19207.00,42.44,21.22,21.22,16.78,0.00,19207.00,0.09,0.09,0.00,3332.00,3332.00,4.075526575247326,,25.702589564,42.53,308.5975962532333,32.448156473738045,267.3976791045068,,0.4116591442499213,99.58829060458139
94,ddr4 12 L WO Hit,64,1000000034254,316.73,75813243,nan,23190.303084,0,4852047321.797971,75551034,262145,0,75551034,0,262145,262145,0,0,0,0,35816943223435,3656818375544,39295819628,51809747374,0,34490819096367,2330694248476,86520126662,0,1326124127068,1326124127068,4585440340,0,75813179,75813179,260590,260590,0,0,50,14,46,13,33,14,0,4852.045210,4852.043290,19207.00,50.52,25.26,25.26,16.78,0.00,19207.00,0.09,0.09,0.00,3332.00,3332.00,4.852047321797971,,23.190303084,50.61000000000001,454.94489943980585,30.74260015499416,332.01629633523925,,0.34577732019721147,99.65413826183377
95,ddr4 12 L WO Hit,128,1000000016511,583.30,99709413,nan,20029.136922,0,6381402262.636668,99447140,262145,0,99447140,0,262145,262145,0,0,0,0,67481761818487,4621045995612,36622399016,48189773197,0,65737647005267,2876931182392,80226731873,0,1744114813220,1744114813220,4585440340,0,99709285,99709285,257544,257544,0,0,108,14,85,13,40,14,0,6381.398743,6381.394135,19207.00,66.45,33.22,33.22,16.78,0.00,19207.00,0.09,0.09,0.00,3332.00,3332.00,6.381402262636668,,20.029136922000003,66.54,659.2931340874322,28.85319238215378,311.5068954159289,,0.2629089793157242,99.73696264764892
96,ddr4 12 L WO Hit,256,1000000003154,909.52,115448316,nan,18661.874625,0,7388691944.696066,115185915,262145,0,115185915,0,262145,262145,0,0,0,0,129792799131549,5307345353358,37104224585,54011067385,0,127773381666029,3287927887838,86529851630,0,2019417465520,2019417465520,4585440340,0,115448060,115448060,251878,251878,0,0,209,14,147,13,64,14,0,7388.684329,7388.675817,19207.00,76.94,38.47,38.47,16.78,0.00,19207.00,0.09,0.09,0.00,3332.00,3332.00,7.388691944696066,,18.661874625,77.03,1106.7607516837356,28.479715361505427,343.53874347898585,,0.22706697601375148,99.77271127973837
97,ddr4 12 L WO Hit,512,1000000067766,1505.55,121917139,nan,18202.221976,0,7802696303.242483,121654482,262145,0,121654482,0,262145,262145,0,0,0,0,257329275812174,5600044764126,37670562763,60925043279,0,255196710172690,3467479124642,94010165702,0,2132565639484,2132565639484,4585440340,0,121916627,121916627,249324,249324,0,0,439,14,272,13,64,14,0,7802.680751,7802.663599,19207.00,81.25,40.62,40.62,16.78,0.00,19207.00,0.09,0.09,0.00,3332.00,3332.00,7.802696303242483,,18.202221976,81.34,2093.206779520647,28.441396468768776,377.06023367987035,,0.21501898924973953,99.78456105338888
98,ddr4 12 L WO Hit,1024,1000000018814,2512.65,127336918,nan,17853.129875,0,8149562534.674131,127073749,262145,0,127073749,0,262145,262145,0,0,0,0,769177940796015,5848286861878,39775215331,65333212249,0,766950581338167,3620927404030,100522987240,0,2227359457848,2227359457848,4585440340,0,127335894,127335894,249632,249632,0,0,900,14,272,25,64,14,0,8149.514215,8149.497063,19207.00,84.86,42.43,42.43,16.78,0.00,19207.00,0.09,0.09,0.00,3332.00,3332.00,8.149562534674132,,17.853129875,84.95,6023.050981510108,28.43603080235962,402.6847008396359,,0.20586724110913382,99.79332859304793
99,ddr4 12 L WO Miss,1,1000000272237,11.95,1574906,nan,644958.645295,0,100793892.560173,0,1574905,0,0,0,1574905,262144,1312762,1312761,0,0,67165904408,31316525780,886087865412,27549813165,22962815412,39617666148,3768287520,886089440317,0,27548238260,27548238260,27548238260,22962815412,1574905,1574905,1378297,1378297,1312761,0,1,1,1,1,1,1,1,100.793957,100.793893,19207.00,1.05,0.52,0.52,100.79,84.02,19207.00,0.96,0.52,0.44,3332.00,3332.00,0.100793892560173,,644.958645295,2.01,25.155591066127798,2.3927078268213005,642.8871573521527,0.0,99.99993650414692,0.0
100,ddr4 12 L WO Miss,2,1000000138249,16.49,2176503,nan,469453.079183,0,139296108.742452,0,2176501,0,0,0,2176501,262144,1914359,1914358,1,0,94235219728,45211968128,1837940282135,40600987013,33864086966,56163864236,7140612636,1840469913656,378136830,38071355492,38071355492,38071355492,33485950136,2176501,2176501,2045357,2045357,1914358,1,2,2,2,1,2,2,1,139.296173,139.296045,19207.00,1.45,0.73,0.73,139.30,122.52,19207.00,1.36,0.73,0.64,3332.00,3332.00,0.139296108742452,,469.453079183,2.81,25.804658135236327,3.280776179749056,899.8282029278996,0.19752670608109874,99.99990810947654,0.0
101,ddr4 12 L WO Miss,4,1000000054759,19.60,4072475,nan,255222.201025,0,260638321.727706,0,4072472,0,0,0,4072472,262144,3810331,3810330,1,0,220986191403,99222417031,3137327570634,87695070704,835287076900,149750511179,27986736807,3153786961114,768636784540,71235680224,71235680224,71235680224,66650292360,4072472,4072472,3797759,3797759,3810330,1,3,4,4,2,4,4,3,260.638386,260.638194,19207.00,2.71,1.36,1.36,260.64,243.86,19207.00,2.63,1.36,1.27,3332.00,3332.00,0.260638321727706,,255.22220102499998,5.34,36.77140350602779,6.872174150491397,830.4336744680219,201.72446600163238,99.99992633472274,0.0
102,ddr4 12 L WO Miss,8,1000000272746,56.81,10229764,nan,107169.179081,0,654704653.431925,0,10229759,0,0,0,10229759,262144,9967620,9967619,4,0,746561022252,295447371662,5562263293924,253580957785,2129609886568,567622077824,116508427234,5636905307281,1955256312512,178938944428,178938944428,178938944428,174353574056,10229759,10229759,9412583,9412583,9967618,1,8,8,8,7,8,8,7,654.704717,654.704397,19207.00,6.82,3.41,3.41,654.70,637.93,19207.00,6.73,3.41,3.32,3332.00,3332.00,0.6547046534319251,,107.169179081,13.55,55.48733629247766,11.389166375669262,598.8691209714698,196.1608392809596,99.99995112301711,0.0
103,ddr4 12 L WO Miss,16,1000000055370,144.54,25240446,nan,49105.266761,0,1615388390.555945,0,25240435,0,0,0,25240435,262144,24978302,24978301,12,0,3183929811381,991981282713,9583927691423,1010166575190,5460529033928,2742424122361,550475593693,10152588577593,5023608645312,441505689020,441505689020,441505689020,436920388616,25240435,25240435,24011190,24011190,24978298,1,16,14,16,12,16,14,22,1615.388391,1615.387751,19207.00,16.82,8.41,8.41,1615.39,1598.61,19207.00,16.73,8.41,8.32,3332.00,3332.00,1.615388390555945,,49.105266760999996,33.55,108.65201500532775,21.809275224178982,422.827380800077,201.11893313595667,99.99995641915362,0.0
104,ddr4 12 L WO Miss,32,1000000145945,215.20,29749247,nan,43185.585796,0,1903951466.127803,0,29749220,0,0,0,29749220,262144,29487103,29487102,14,0,4236566051990,1250245692033,23533212879841,1268706215303,18416091769347,3716192695750,729872335793,24281545738904,17900303678527,520373356240,520373356240,520373356240,515788090820,29749220,29749220,29742215,29742215,29487085,1,28,14,27,14,32,14,37,1903.951466,1903.949802,19207.00,19.83,9.91,9.91,1903.95,1887.17,19207.00,19.74,9.91,9.83,3332.00,3332.00,1.9039514661278032,,43.185585796,39.56999999999999,124.91731533633487,24.53416714095361,816.4000475050026,607.0557221416427,99.9999092414003,0.0
105,ddr4 12 L WO Miss,64,1000000183951,206.38,29874487,nan,42979.968848,0,1911966752.291804,0,29874426,0,0,0,29874426,262144,29612343,29612342,14,0,4112854700636,1213658084159,55416956544766,1245852529597,44860542187485,3590291241044,691094624567,56140245614771,44342563958329,522563459592,522563459592,522563459592,517978229156,29874426,29874426,29872870,29872870,29612293,1,50,14,45,13,64,14,61,1911.966752,1911.962912,19207.00,19.91,9.95,9.95,1911.96,1895.19,19207.00,19.82,9.95,9.87,3332.00,3332.00,1.911966752291804,,42.979968848,39.730000000000004,120.17942172492285,23.133318931952033,1879.3053903013335,1497.4377012387727,99.99979581239337,0.0
106,ddr4 12 L WO Miss,128,1000000208456,217.98,29896359,nan,42934.101826,0,1913366513.147270,0,29896236,0,0,0,29896236,262144,29634215,29634214,14,0,4105615050480,1195011882496,119260965346114,1268286510453,98710987696072,3582670090368,672066922384,120006306896455,98192627791476,522944960112,522944960112,522944960112,518359904596,29896236,29896236,29891632,29891632,29634113,1,108,14,78,64,64,14,115,1913.366513,1913.358705,19207.00,19.92,9.96,9.96,1913.36,1896.58,19207.00,19.84,9.96,9.87,3332.00,3332.00,1.91336651314727,,42.934101825999996,39.760000000000005,119.83682796616938,22.47998451657928,4014.712441811642,3313.4998098804576,99.9995885786627,0.0
107,ddr4 12 L WO Miss,256,1000000134485,276.46,29906603,nan,42742.680814,0,1914022270.592715,0,29906353,0,0,0,29906353,262144,29644459,29644458,14,0,4023626942911,1128932609836,158882611580821,1214505031994,117461931794157,3500505016235,605810683160,159573994686139,116943392998877,523121926676,523121926676,523121926676,518538795280,29906353,29906353,29896073,29896073,29644340,1,209,14,142,113,64,14,136,1914.022271,1914.006335,19207.00,19.93,9.97,9.97,1914.01,1897.24,19207.00,19.84,9.97,9.88,3332.00,3332.00,1.914022270592715,,42.742680813999996,39.769999999999996,117.0488764121456,20.256922773565872,5337.6239309470175,3944.8809789280854,99.99916406420348,0.0
108,ddr4 12 L WO Miss,512,1000000477863,361.08,29451678,nan,43495.802898,0,1884906427.272960,0,29451174,0,0,0,29451174,262144,29189534,29189533,14,0,5779989137103,1202485350173,256954221914977,1881844677818,121007082987592,5264829201495,687325414565,258320906657187,120496501862856,515159935608,515159935608,515159935608,510581124736,29451174,29451174,29438342,29438342,29189408,1,439,14,272,208,64,14,140,1884.906427,1884.874235,19207.00,19.63,9.81,9.81,1884.89,1868.12,19207.00,19.54,9.81,9.73,3332.00,3332.00,1.8849064272729599,,43.495802898,39.17,178.76466321834914,23.337793412412015,8774.981507354829,4128.089951767984,99.99828872229284,0.0
109,ddr4 12 L WO Miss,1024,1000000008260,703.35,29487490,nan,43464.019921,0,1887199280.411734,0,29486474,0,0,0,29486474,262144,29225346,29225345,14,0,7584838043967,1205342119371,767240463247801,1816476498452,121022792143688,7069060640759,689564716163,768541162343045,120511584385544,515777403208,515777403208,515777403208,511207758144,29486474,29486474,29473957,29473957,29225232,1,900,14,281,720,64,14,140,1887.199280,1887.134320,19207.00,19.65,9.83,9.83,1887.15,1870.41,19207.00,19.56,9.83,9.74,3332.00,3332.00,1.8871992804117341,,43.464019921,39.209999999999994,239.73909667052766,23.38579771060453,26075.26238648733,4123.545858782028,99.99655447106552,0.0
110,ddr4 12 L R67 Hit,1,1000000015743,108.88,34584561,77357.857333,38916.653140,1468387432.883177,745024244.271083,34322415,262145,22769635,11552780,173921,88224,262145,0,0,0,0,969358708210,220498682576,9830550000,4585702485,0,364405584690,13832014476,9830812145,0,604953123520,206666668100,4585440340,0,34584560,11814925,65537,65537,0,0,1,1,1,1,1,1,0,2213.411869,756.155188,19207.00,15.46,11.52,3.94,16.78,0.00,19207.00,0.09,0.09,0.00,3332.00,3332.00,2.21341167715426,77.35785733300001,38.91665314,15.55,10.536655221000354,1.1707238493684895,150.00399995422433,,0.7579827310804957,99.24201437745587
111,ddr4 12 L R67 Hit,2,1000000006686,150.60,52304863,76448.899023,29120.831701,2220558193.153348,1126952824.465194,52042716,262145,34522302,17520414,173921,88224,262145,0,0,0,0,1929419438318,475541723752,17432785728,5792623914,0,1014502809706,164489201724,18639969302,0,914916628612,311052522028,4585440340,0,52304861,17782559,131001,131001,0,0,2,2,2,1,2,2,0,3347.511210,1138.083768,19207.00,23.35,17.43,5.93,16.78,0.00,19207.00,0.09,0.09,0.00,3332.00,3332.00,3.3475110176185416,76.44889902300001,29.120831701,23.44,19.39595651933766,9.25002985925704,142.2887558262914,,0.5011866678629863,99.49880950840078
112,ddr4 12 L R67 Hit,4,1000000026230,211.15,63496792,94693.727218,25747.918686,2695669177.292598,1368125212.114076,63234643,262145,41945911,21288732,173921,88224,262145,0,0,0,0,3706947259420,880106670526,29646002760,6213511076,0,2596261443724,503138730042,31274073496,0,1110685815696,376967940484,4585440340,0,63496788,21550877,255314,255314,0,0,4,4,4,2,4,4,0,4063.794581,1379.256092,19207.00,28.34,21.16,7.18,16.78,0.00,19207.00,0.09,0.09,0.00,3332.00,3332.00,4.063794389406674,94.693727218,25.747918686000002,28.43,40.8880752160881,23.346554761646125,122.49259145992778,,0.41284762858570867,99.58714607188345
113,ddr4 12 L R67 Hit,8,1000000009867,253.71,76918989,123277.940219,22971.653765,3265460127.779705,1657354799.646880,76656836,262145,50848894,25807942,173921,88224,262145,0,0,0,0,6900607567094,1275177371766,37093768362,8600316338,0,5555140751442,819159409962,41108644360,0,1345466815652,456017961804,4585440340,0,76918981,26070087,262097,262097,0,0,8,8,8,1,8,7,0,4922.815183,1668.485552,19207.00,34.32,25.63,8.69,16.78,0.00,19207.00,0.09,0.09,0.00,3332.00,3332.00,4.922814927426585,123.277940219,22.971653765,34.410000000000004,72.22067530304386,31.42142985414663,156.84515412232875,,0.3408066114857542,99.65918298796153
114,ddr4 12 L R67 Hit,16,1000000009703,329.98,93750864,171003.685506,20661.974575,3980171161.380399,2019883116.401074,93488703,262145,62016256,31472447,173921,88224,262145,0,0,0,0,13104468210881,1615857856052,36383923247,16190029646,0,11464578377665,1060756372788,47988512553,0,1639889833216,555101483264,4585440340,0,93750848,31734592,261316,261316,0,0,16,14,15,9,16,12,0,6000.054598,2031.013868,19207.00,41.81,31.24,10.57,16.78,0.00,19207.00,0.09,0.09,0.00,3332.00,3332.00,6.000054277781473,171.003685506,20.661974575,41.900000000000006,122.2877298951472,33.42587082222453,183.6416926365014,,0.27961875636687467,99.72036417712374
115,ddr4 12 L R67 Hit,32,1000000038081,402.09,105625874,254530.100598,19462.558577,4484338773.231895,2275715945.338461,105363697,262145,69893876,35469821,173921,88224,262145,0,0,0,0,23700846322548,1759191142980,35462192574,37537907456,0,21853239094284,1134167593708,68414659690,0,1847607228264,625023549272,4585440340,0,105625842,35731966,255859,255859,0,0,32,14,26,13,25,14,0,6760.055039,2286.845737,19207.00,47.10,35.20,11.91,16.78,0.00,19207.00,0.09,0.09,0.00,3332.00,3332.00,6.760054718570356,254.530100598,19.462558577,47.190000000000005,206.8929220397031,31.74097931549582,267.39203893550746,,0.24818256178405682,99.75178714260863
116,ddr4 12 L R67 Hit,64,1000000004344,477.79,127420157,339811.828560,17834.770803,5409844456.499636,2745043700.075530,127157948,262145,84354904,42803044,173921,88224,262145,0,0,0,0,39661282728427,2021602982598,39296454400,51808716038,0,37432450461671,1268306696610,86519730098,0,2228832266756,753296285988,4585440340,0,127420093,43065189,260590,260590,0,0,50,14,45,13,33,14,0,8154.888285,2756.172084,19207.00,56.81,42.46,14.35,16.78,0.00,19207.00,0.09,0.09,0.00,3332.00,3332.00,8.154888156575165,339.81182856,17.834770802999998,56.900000000000006,293.77195998178246,29.450856389136014,332.0147745423846,,0.2057327554540684,99.79421701701403
117,ddr4 12 L R67 Hit,128,1000000002417,773.07,164461046,461503.809172,16056.392269,6982360111.123636,3543144247.436221,164198773,262145,108925459,55273314,173921,88224,262145,0,0,0,0,71530205919523,2555875447944,36623297154,48190216157,0,68653455541867,1584449199116,80228072971,0,2876750377656,971426248828,4585440340,0,164460918,55535459,257544,257544,0,0,108,14,78,13,40,14,0,10525.503207,3554.269367,19207.00,73.31,54.80,18.51,16.78,0.00,19207.00,0.09,0.09,0.00,3332.00,3332.00,10.525504358559857,461.503809172,16.056392269,73.4,417.4454112062478,28.53040611613564,311.5121026737179,,0.15939640807100303,99.84052576194851
118,ddr4 12 L R67 Hit,256,1000000004674,1200.42,187801304,746406.387541,15299.493475,7973039834.734012,4046237677.087885,187538903,262145,124404830,63134073,173921,88224,262145,0,0,0,0,135336286192631,2911763427120,37104643093,54010711529,0,132051270261015,1802836781864,86529914282,0,3285015931616,1108926645256,4585440340,0,187801048,63396218,251877,251877,0,0,209,14,142,13,64,14,0,12019.275720,4057.357933,19207.00,83.70,62.58,21.12,16.78,0.00,19207.00,0.09,0.09,0.00,3332.00,3332.00,12.019277511821896,746.4063875410001,15.299493474999998,83.79,703.1444801150152,28.437607774394365,343.5403561341448,,0.13958635771772918,99.86027732799981
119,ddr4 12 L R67 Hit,512,1000000002278,1938.51,200100948,1340492.966062,14970.005167,8495008684.648370,4311441142.178537,199838291,262145,132560591,67277700,173921,88224,262145,0,0,0,0,263147437828380,3101982234942,37666463084,60928133570,0,259647281001868,1920575266202,94009156314,0,3500156826512,1181406968740,4585440340,0,200100436,67539845,249320,249320,0,0,439,14,272,13,64,14,0,12806.444579,4322.550070,19207.00,89.18,66.68,22.51,16.78,0.00,19207.00,0.09,0.09,0.00,3332.00,3332.00,12.806449826826908,1340.492966062,14.970005167,89.27000000000001,1297.5847838825698,28.436181134291914,377.06223453393227,,0.13100637584185756,99.86873775330639
120,ddr4 12 L R67 Hit,1024,1000000002580,3824.25,206805683,3772870.400755,14807.511788,8779680297.348425,4455850932.503904,206542514,262145,137008588,69533926,173921,88224,262145,0,0,0,0,775033128919909,3204463974584,39792636752,65350742534,0,771415701824681,1983591100652,100557938946,0,3617427095228,1220872873932,4585440340,0,206804659,69796071,249644,249644,0,0,900,14,272,25,64,14,0,13235.515230,4466.948532,19207.00,92.17,68.91,23.26,16.78,0.00,19207.00,0.09,0.09,0.00,3332.00,3332.00,13.235531229852329,3772.870400755,14.807511788,92.26,3730.165971863724,28.41981034508375,402.80535060325906,,0.12675908911071848,99.87274576008629
121,ddr4 12 L R67 Miss,1,1000000220667,18.98,3358764,610385.516790,307156.844160,142707104.509251,72253680.055997,0,3358763,0,0,2229799,1128964,262144,3096620,1040638,1,0,141752744560,64836813196,781559939896,58754841159,18202839896,83001262164,6085330800,781563298659,0,58751482396,58751482396,58751482396,18202839896,3358763,3358763,1620254,1620254,1040638,1,1,1,1,1,1,1,1,214.960849,214.960785,19207.00,2.24,1.12,1.12,214.96,66.60,19207.00,1.47,1.12,0.35,3332.00,3332.00,0.214960784565248,610.38551679,307.15684416,3.71,24.71185438329528,1.8117773716097265,482.3708496686322,0.0,99.99997022714308,0.0
122,ddr4 12 L R67 Miss,2,1000000093854,28.77,4481987,682965.842258,232691.587513,190402030.130008,96444982.948253,0,4481985,0,0,2975033,1506952,262144,4219843,1418520,2,0,222849186967,121525968724,1652260959046,94309634845,32760656536,144450305347,43127087104,1668171712271,7947904696,78398881620,78398881620,78398881620,24812751840,4481985,4481985,3194108,3194108,1418520,1,2,2,2,1,2,2,1,286.847141,286.847013,19207.00,2.99,1.49,1.49,286.85,90.79,19207.00,1.97,1.49,0.47,3332.00,3332.00,0.286847013078261,682.9658422580001,232.691587513,4.96,32.2290916518016,9.622318482547353,522.2652810333902,5.60295568338832,99.99995537693438,0.0
123,ddr4 12 L R67 Miss,4,1000000145860,68.63,11069494,421849.188950,100121.937978,470180923.419410,238266269.246482,0,11069490,0,0,7346579,3722911,262144,10807350,3634439,5,0,693389033001,367541107979,2513497292563,243088297621,624457579719,499761513921,173913588899,2562958071104,560883972731,193627519080,193627519080,193627519080,63573606988,11069490,11069490,9199640,9199640,3634439,1,4,4,4,3,4,4,3,708.447513,708.447257,19207.00,7.38,3.69,3.69,708.45,232.60,19207.00,4.90,3.69,1.21,3332.00,3332.00,0.708447192665892,421.84918895,100.121937978,12.280000000000001,45.14765485320462,15.711075117191488,278.59330051001996,154.32477274511967,99.99996386465362,0.0
124,ddr4 12 L R67 Miss,8,1000000046786,125.17,20501118,393933.722019,58185.270118,870525271.271605,441545835.341837,0,20501113,0,0,13601959,6899154,262144,20238974,6810764,9,0,1608018622502,659160248756,4473581933134,596508784930,1571134670486,1249413153906,300554780160,4711485249468,1452000821582,358605468596,358605468596,358605468596,119133848904,20501113,20501113,18317943,18317943,6810762,1,8,8,8,7,8,8,7,1312.071491,1312.071171,19207.00,13.66,6.83,6.83,1312.07,435.89,19207.00,9.10,6.83,2.27,3332.00,3332.00,1.3120711066134418,393.93372201899996,58.185270118,22.759999999999998,60.94367432177951,14.660412835147048,257.2060219571597,213.192124696473,99.99997561108619,0.0
125,ddr4 12 L R67 Miss,16,1000000096261,226.62,35712002,430323.199611,37470.674109,1516194926.049560,769372405.939443,0,35711989,0,0,23690548,12021441,262144,35449858,11933324,17,0,4934481865309,1448883309244,6713724094319,2023593884144,4032731080585,4309807753721,824209197656,8112643866875,3823993482129,624674111588,624674111588,624674111588,208737598456,35711989,35711989,34034741,34034741,11933318,1,16,14,16,13,16,14,16,2285.567844,2285.567076,19207.00,23.80,11.90,11.90,2285.57,763.73,19207.00,15.88,11.90,3.98,3332.00,3332.00,2.2855673319890033,430.323199611,37.470674109,39.68,120.682377946549,23.079341720675373,238.36361401648392,320.44679293127024,99.99996359767229,0.0
126,ddr4 12 L R67 Miss,32,1000000004442,260.47,39298254,666618.432853,35089.654283,1668426104.588851,846661052.239132,0,39298226,0,0,26069156,13229070,262144,39036110,13141066,18,0,7068310581266,1758764543937,14321030492286,3036274685850,12790262736619,6380906012074,1071359974745,16669900608944,12560399455035,687404569192,687404569192,687404569192,229863281584,39298226,39298226,38013191,38013191,13141052,1,32,14,29,14,32,14,29,2515.088181,2515.086453,19207.00,26.19,13.09,13.09,2515.09,841.03,19207.00,17.47,13.09,4.38,3332.00,3332.00,2.515087156827983,666.6184328530001,35.089654283,43.66,162.3713500979408,27.26229867844416,438.52936758042756,955.8138461848413,99.9999287500152,0.0
127,ddr4 12 L R67 Miss,64,1000000048497,330.53,46727183,898785.515457,31238.578505,1983885471.787506,1006652303.180383,0,46727119,0,0,30998194,15728925,262144,46465039,15640948,22,0,10996503739401,2195241575519,21728008506670,7343246413939,24766023502050,10179152973853,1377890809971,28253904155061,24492432494426,817350765548,817350765548,817350765548,273591007624,46727119,46727119,46253397,46253397,15640922,1,50,14,45,14,59,14,48,2990.539439,2990.535471,19207.00,31.14,15.57,15.57,2990.54,1001.02,19207.00,20.78,15.57,5.21,3332.00,3332.00,2.9905377749678888,898.785515457,31.238578505,51.92,217.84251183671307,29.488032634132654,610.8503588409085,1565.9199946413646,99.99986303475646,0.0
128,ddr4 12 L R67 Miss,128,1000000079528,467.37,54997658,1341449.108791,28132.729680,2334909382.309327,1184937249.764310,0,54997530,0,0,36482928,18514602,262144,54735514,18426647,26,0,21858631129726,2571893775785,34272150562560,15545873252549,46906368706861,20896614334966,1609876981025,48856007020349,46584050689629,962016794760,962016794760,962016794760,322318017232,54997530,54997530,54803641,54803641,18426596,1,108,14,78,32,64,14,75,3519.848104,3519.841640,19207.00,36.65,18.33,18.33,3519.85,1179.30,19207.00,24.47,18.33,6.14,3332.00,3332.00,3.519846632073637,1341.449108791,28.13272968,61.12,379.9555059102836,29.271805134248755,891.4737438767801,2528.087699411709,99.9997672628169,0.0
129,ddr4 12 L R67 Miss,256,1000000007166,564.87,59964066,2304618.765219,26644.934980,2545674989.757693,1292019766.741386,0,59963810,0,0,39776085,20187725,262144,59701922,20099280,28,0,44612510157167,2741972156419,73117034587502,18266314893153,92043189271980,43563623192647,1693085191899,90334462516135,91691614240500,1048886964520,1048886964520,1048886964520,351575031480,59963810,59963810,59879510,59879510,20099190,1,209,14,142,109,64,14,128,3837.699620,3837.683812,19207.00,39.96,19.98,19.98,3837.69,1286.35,19207.00,26.68,19.98,6.70,3332.00,3332.00,3.837694756499079,2304.618765219,26.644934980000002,66.64,726.498586274738,28.23511701306171,1508.6039033408088,4561.955692766724,99.99957307764954,0.0
130,ddr4 12 L R67 Miss,512,1000000001964,860.95,60109690,4403486.308078,26605.267851,2551867002.988133,1295141181.456343,0,60109178,0,0,39872760,20236418,262144,59847546,20148595,28,0,61728854626424,2745544459318,181701280009345,19059722312990,120679132482065,60677424884848,1694114717742,199709572580759,120326695269905,1051429741576,1051429741576,1051429741576,352437212160,60109178,60109178,60095366,60095366,20148480,1,439,14,281,208,64,14,137,3847.017848,3846.987384,19207.00,40.06,20.03,20.03,3847.00,1289.50,19207.00,26.74,20.03,6.71,3332.00,3332.00,3.8470081844444763,4403.486308078001,26.605267851,66.8,1009.4535793659996,28.183960821124522,3323.210854240558,5971.998645550681,99.99914822385541,0.0
131,ddr4 12 L R67 Miss,1024,1000000061371,1368.44,60470707,12844375.100626,26537.921225,2567160546.450790,1302932720.037716,0,60469683,0,0,40111714,20357969,262144,60208563,20269760,28,0,59827378475861,2758402186074,696443318665713,18207962677772,120665029463014,58769642780825,1700666491038,713593545648449,120310473025086,1057735695036,1057735695036,1057735695036,354556437928,60469683,60469683,60457145,60457145,20269634,1,900,14,283,720,64,14,138,3870.123282,3870.059474,19207.00,40.30,20.15,20.15,3870.08,1297.26,19207.00,26.90,20.15,6.75,3332.00,3332.00,3.8700932664885057,12844.375100625999,26.537921224999998,67.19999999999999,971.8860735688825,28.124283222023838,11803.295469021055,5935.502980719139,99.99830661811181,0.0
